{"cameraMode":{"drawMode":0,"name":"Shaded","section":"Shading Mode"},"sceneLighting":false,"audioPlay":false,"sceneViewState":{"m_AlwaysRefresh":false,"showFog":false,"showSkybox":false,"showFlares":false,"showImageEffects":true,"showParticleSystems":true,"showVisualEffectGraphs":true,"m_FxEnabled":true},"in2DMode":false,"pivot":{"x":0.3646254539489746,"y":2.8336098194122316,"z":3.2095673084259035},"rotation":{"x":0.043430015444755557,"y":-0.7257156372070313,"z":0.04600672796368599,"w":0.6850849986076355},"size":3.3408408164978029,"orthographic":false}